{
  "baseline": {
    "mAP50": 0.29373669317784457,
    "mAP50-95": 0.1662671086264691,
    "precision": 0.39159907325051424,
    "recall": 0.30258304542539205
  },
  "cbam": {
    "mAP50": 0.30206881342972747,
    "mAP50-95": 0.17270067683582924,
    "precision": 0.414643359389183,
    "recall": 0.3024832252138724
  },
  "pseudo_label": {
    "mAP50": 0.3072394253534811,
    "mAP50-95": 0.1755445358297251,
    "precision": 0.4185700011011811,
    "recall": 0.3119329290737634,
    "accepted": 100,
    "rejected": 0,
    "acceptance_rate": 100.0,
    "weights": "/content/drive/MyDrive/UAV_small_obj_detector/runs/detect/pseudo_label_visdrone/weights/best.pt"
  },
  "yolov11n_baseline": {
    "mAP50": 0.2651762490537308,
    "mAP50-95": 0.14755468472085892,
    "precision": 0.38817470697606105,
    "recall": 0.3011898452484491
  },
  "yolo26n_baseline": {
    "mAP50": 0.24941439738801044,
    "mAP50-95": 0.13737889200958459,
    "precision": 0.36771093891145196,
    "recall": 0.29103506090333614
  },
  "eca": {
    "mAP50": 0.2773789259509824,
    "mAP50-95": 0.1549182150746348,
    "precision": 0.414643359389183,
    "recall": 0.3024832252138724
  },
  "svgc": {
    "mAP50": 0.3001741771721909,
    "mAP50-95": 0.16760386809149122,
    "precision": 0.4305396123154134,
    "recall": 0.3235061761726627
  }
}